PR Number,Grant Number,Pgrp / Center,Proposal Title,PI Name,Technical Officer,Institution,Award Date,Performance Start Date,Performance End Date,Status,Congressional Directed Item,"[{u'bibcode': u'2013IJAEO..23..192K'}, {u'bibcode': u'2013IJAEO..23..213J'}, {u'bibcode': u'2013IJAEO..23..245D'}, {u'bibcode': u'2013IJAEO..23..334R'}, {u'bibcode': u'2013IJAEO..23..132A'}, {u'bibcode': u'2013IJAEO..23..142S'}, {u'bibcode': u'2013NewA...22...22C'}, {u'bibcode': u'2013NewA...22...51U'}, {u'bibcode': u'2013CNSNS..18.1939L'}, {u'bibcode': u'2013CNSNS..18.1970M'}, {u'bibcode': u'2013CNSNS..18.2066Z'}, {u'bibcode': u'2013CNSNS..18.2177P'}, {u'bibcode': u'2013CNSNS..18.2188T'}, {u'bibcode': u'2013CNSNS..18.2222Z'}, {u'bibcode': u'2013NewA...21...27L'}, {u'bibcode': u'2013NewA...21...40L'}, {u'bibcode': u'2013NewA...21...50K'}, {u'bibcode': u'2013CNSNS..18.1568S'}, {u'bibcode': u'2013CNSNS..18.1623R'}, {u'bibcode': u'2013CNSNS..18.1652F'}]"
4200464822,NNX11AB59G S04,GSFC,HURRICANE AND SEVERE STORM SENTINEL,ED ZISPER,SCOTT BRAUN,UNIVERISTY OF UTAH,1/1/70,10/29/10,10/28/15,AWARDED,NO,no hits,"[{u'bibcode': u'2013IJAEO..23..192K'}, {u'bibcode': u'2013IJAEO..23..213J'}, {u'bibcode': u'2013IJAEO..23..245D'}, {u'bibcode': u'2013IJAEO..23..334R'}, {u'bibcode': u'2013IJAEO..23..132A'}, {u'bibcode': u'2013IJAEO..23..142S'}, {u'bibcode': u'2013NewA...22...22C'}, {u'bibcode': u'2013NewA...22...51U'}, {u'bibcode': u'2013CNSNS..18.1939L'}, {u'bibcode': u'2013CNSNS..18.1970M'}, {u'bibcode': u'2013CNSNS..18.2066Z'}, {u'bibcode': u'2013CNSNS..18.2177P'}, {u'bibcode': u'2013CNSNS..18.2188T'}, {u'bibcode': u'2013CNSNS..18.2222Z'}, {u'bibcode': u'2013NewA...21...27L'}, {u'bibcode': u'2013NewA...21...40L'}, {u'bibcode': u'2013NewA...21...50K'}, {u'bibcode': u'2013CNSNS..18.1568S'}, {u'bibcode': u'2013CNSNS..18.1623R'}, {u'bibcode': u'2013CNSNS..18.1652F'}]"
4200465872,NNX13AG94G,GSFC,DATA-BASED HYDROLOGIC VALIDATION OF GPM RAINFALL PRODUCTS,WITOLD KRAJEWSKI,MATHEW R SCHWALLER,UNIVERSITY OF IOWA,1/1/70,2/11/13,2/10/16,AWARDED,NO,no hits,"[{u'bibcode': u'2013IJAEO..23..192K'}, {u'bibcode': u'2013IJAEO..23..213J'}, {u'bibcode': u'2013IJAEO..23..245D'}, {u'bibcode': u'2013IJAEO..23..334R'}, {u'bibcode': u'2013IJAEO..23..132A'}, {u'bibcode': u'2013IJAEO..23..142S'}, {u'bibcode': u'2013NewA...22...22C'}, {u'bibcode': u'2013NewA...22...51U'}, {u'bibcode': u'2013CNSNS..18.1939L'}, {u'bibcode': u'2013CNSNS..18.1970M'}, {u'bibcode': u'2013CNSNS..18.2066Z'}, {u'bibcode': u'2013CNSNS..18.2177P'}, {u'bibcode': u'2013CNSNS..18.2188T'}, {u'bibcode': u'2013CNSNS..18.2222Z'}, {u'bibcode': u'2013NewA...21...27L'}, {u'bibcode': u'2013NewA...21...40L'}, {u'bibcode': u'2013NewA...21...50K'}, {u'bibcode': u'2013CNSNS..18.1568S'}, {u'bibcode': u'2013CNSNS..18.1623R'}, {u'bibcode': u'2013CNSNS..18.1652F'}]"
4200156877,NNX06AB07G,GSFC,STUDIES OF PLANETARY VOLCANISM,RONALD GREELEY,STEVE SAUNDERS,ARIZONA STATE UNIVERSITY,5/19/06,5/15/06,5/14/07,AWARDED,NO,no hits,"[{u'bibcode': u'2013IJAEO..23..192K'}, {u'bibcode': u'2013IJAEO..23..213J'}, {u'bibcode': u'2013IJAEO..23..245D'}, {u'bibcode': u'2013IJAEO..23..334R'}, {u'bibcode': u'2013IJAEO..23..132A'}, {u'bibcode': u'2013IJAEO..23..142S'}, {u'bibcode': u'2013NewA...22...22C'}, {u'bibcode': u'2013NewA...22...51U'}, {u'bibcode': u'2013CNSNS..18.1939L'}, {u'bibcode': u'2013CNSNS..18.1970M'}, {u'bibcode': u'2013CNSNS..18.2066Z'}, {u'bibcode': u'2013CNSNS..18.2177P'}, {u'bibcode': u'2013CNSNS..18.2188T'}, {u'bibcode': u'2013CNSNS..18.2222Z'}, {u'bibcode': u'2013NewA...21...27L'}, {u'bibcode': u'2013NewA...21...40L'}, {u'bibcode': u'2013NewA...21...50K'}, {u'bibcode': u'2013CNSNS..18.1568S'}, {u'bibcode': u'2013CNSNS..18.1623R'}, {u'bibcode': u'2013CNSNS..18.1652F'}]"
4200156957,NNX06AB01G,GSFC,"RETRIEVAL OF H2O, HDO AND CONVECTIVE TRACERS",ADAM SOBEL,PHILIP DECOLA,UNIVERSITY OF COLUMBIA,5/23/06,5/15/06,5/14/09,AWARDED,NO,no hits,"[{u'bibcode': u'2013IJAEO..23..192K'}, {u'bibcode': u'2013IJAEO..23..213J'}, {u'bibcode': u'2013IJAEO..23..245D'}, {u'bibcode': u'2013IJAEO..23..334R'}, {u'bibcode': u'2013IJAEO..23..132A'}, {u'bibcode': u'2013IJAEO..23..142S'}, {u'bibcode': u'2013NewA...22...22C'}, {u'bibcode': u'2013NewA...22...51U'}, {u'bibcode': u'2013CNSNS..18.1939L'}, {u'bibcode': u'2013CNSNS..18.1970M'}, {u'bibcode': u'2013CNSNS..18.2066Z'}, {u'bibcode': u'2013CNSNS..18.2177P'}, {u'bibcode': u'2013CNSNS..18.2188T'}, {u'bibcode': u'2013CNSNS..18.2222Z'}, {u'bibcode': u'2013NewA...21...27L'}, {u'bibcode': u'2013NewA...21...40L'}, {u'bibcode': u'2013NewA...21...50K'}, {u'bibcode': u'2013CNSNS..18.1568S'}, {u'bibcode': u'2013CNSNS..18.1623R'}, {u'bibcode': u'2013CNSNS..18.1652F'}]"
4200155117,NNX06AB55G,GSFC,UNC AND FUN GRB FOLLOW-UP OBSERVATIONS OF SWIFT GRBS,DANIEL REICHART,FRANCIS MARSHALL,"UNIVERSITY OF NC, CHAPEL HILL",5/24/06,5/8/06,5/7/07,AWARDED,NO,no hits,"[{u'bibcode': u'2013IJAEO..23..192K'}, {u'bibcode': u'2013IJAEO..23..213J'}, {u'bibcode': u'2013IJAEO..23..245D'}, {u'bibcode': u'2013IJAEO..23..334R'}, {u'bibcode': u'2013IJAEO..23..132A'}, {u'bibcode': u'2013IJAEO..23..142S'}, {u'bibcode': u'2013NewA...22...22C'}, {u'bibcode': u'2013NewA...22...51U'}, {u'bibcode': u'2013CNSNS..18.1939L'}, {u'bibcode': u'2013CNSNS..18.1970M'}, {u'bibcode': u'2013CNSNS..18.2066Z'}, {u'bibcode': u'2013CNSNS..18.2177P'}, {u'bibcode': u'2013CNSNS..18.2188T'}, {u'bibcode': u'2013CNSNS..18.2222Z'}, {u'bibcode': u'2013NewA...21...27L'}, {u'bibcode': u'2013NewA...21...40L'}, {u'bibcode': u'2013NewA...21...50K'}, {u'bibcode': u'2013CNSNS..18.1568S'}, {u'bibcode': u'2013CNSNS..18.1623R'}, {u'bibcode': u'2013CNSNS..18.1652F'}]"
4200156965,NNX06AB02G,GSFC,DYNAMICS OF SMALL BODIES AND RINGS,LUKE DONES,STEVE SAUNDERS,SOUTHWEST RESEARCH INSTITUTE,5/30/06,5/4/06,5/3/09,AWARDED,NO,no hits,"[{u'bibcode': u'2013IJAEO..23..192K'}, {u'bibcode': u'2013IJAEO..23..213J'}, {u'bibcode': u'2013IJAEO..23..245D'}, {u'bibcode': u'2013IJAEO..23..334R'}, {u'bibcode': u'2013IJAEO..23..132A'}, {u'bibcode': u'2013IJAEO..23..142S'}, {u'bibcode': u'2013NewA...22...22C'}, {u'bibcode': u'2013NewA...22...51U'}, {u'bibcode': u'2013CNSNS..18.1939L'}, {u'bibcode': u'2013CNSNS..18.1970M'}, {u'bibcode': u'2013CNSNS..18.2066Z'}, {u'bibcode': u'2013CNSNS..18.2177P'}, {u'bibcode': u'2013CNSNS..18.2188T'}, {u'bibcode': u'2013CNSNS..18.2222Z'}, {u'bibcode': u'2013NewA...21...27L'}, {u'bibcode': u'2013NewA...21...40L'}, {u'bibcode': u'2013NewA...21...50K'}, {u'bibcode': u'2013CNSNS..18.1568S'}, {u'bibcode': u'2013CNSNS..18.1623R'}, {u'bibcode': u'2013CNSNS..18.1652F'}]"
4200156040,NNX06AB24G,GSFC,OPTICAL DATING RESPONSE OF MARS SEDIMENT ANALOGS INCLUDING GEOLOGIC SALTS TO SIMULTANEOUS UV/VIS,KENNETH LEPPER,MARILYN LINDSTROM,NORTH DAKOTA STATE UNIVERSITY,5/30/06,5/10/06,5/9/08,AWARDED,NO,"[{u'bibcode': u'2008LPI....39.2057D'}, {u'bibcode': u'2008LPI....39.2089O'}, {u'bibcode': u'2008pldu.work...48L'}]"
4200157377,NNX06AB54G,GSFC,LAND INFORMATION SYSTEM PRECIPITATION CLIMATOLOGY IMPROVEMENTS,CHRISTOPHER DALY,CHRISTA PETERS-LIDARD,SOUTHWEST RESEARCH INSTITUTE,5/30/06,6/1/06,5/31/08,AWARDED,NO,no hits,"[{u'bibcode': u'2008LPI....39.2057D'}, {u'bibcode': u'2008LPI....39.2089O'}, {u'bibcode': u'2008pldu.work...48L'}]"
4200156958,NNX06AB04G,HQ,"RETRIEVAL OF H20, AND CONVECTIVE TRACERS FROM ACE: VALIDATION AND SYNERGISTIC",PAUL O. WENNBERG,PHILIP DECOLA,CALIFORNIA INSTITUTE OF TECH.,5/31/06,5/15/06,5/14/09,AWARDED,NO,no hits,"[{u'bibcode': u'2008LPI....39.2057D'}, {u'bibcode': u'2008LPI....39.2089O'}, {u'bibcode': u'2008pldu.work...48L'}]"
4200156875,NNX06AB05G,HQ,EFFECTS OF RHEOLOGY ON THE DYNAMICS AND EVOLUTION OF PLANETARY INTERIORS,VIATCHESLAV SOLOMATOV,STEVE SAUNDERS,WASHINGTON UNIVERSITY,5/31/06,5/16/06,5/14/09,AWARDED,NO,"[{u'bibcode': u'2011GGG....12.7018O'}, {u'bibcode': u'2007PEPI..165....1S'}]"
4200156127,NNX06AB19G,HQ,COUPLED-PROCESS SIMULATIONS TO ASSESS THE DISTRIBUTION OF GROUNDWATER ON MARS,SCOTT PAINTER,MARILYN M. LINDSTROM,SOUTHWEST RESEARCH INSTITUTE,5/31/06,5/10/06,5/9/09,AWARDED,NO,"[{u'bibcode': u'2010LPI....41.1329G'}, {u'bibcode': u'2007AGUFM.H53F1497P'}, {u'bibcode': u'2007LPICo1353.3272P'}]"
4200155943,NNX06AB23G,HQ,FORMATION OF MAGNETIC MINERALS ON MARS,JANICE BISHOP,MARILYN LINDSTROM,SETI INSTITUTE,6/2/06,6/1/06,5/31/09,AWARDED,NO,[{u'bibcode': u'2009LPI....40.2209D'}]
4200156265,NNX06AB65G,HQ,"IMPACT CRATERING ON MARS: HYDROTHERMAL SYSTEMS, EJECTA AND RAMPARTS",ELISABETTA PIERAZZO,MARILYN LINDSTROM,PLANETARY SCIENCE INSTITUTE,6/2/06,5/15/06,5/14/09,AWARDED,NO,"[{u'bibcode': u'2011M&PS...46..601I'}, {u'bibcode': u'2011LPI....42.2661C'}, {u'bibcode': u'2011LPI....42.1608L'}, {u'bibcode': u'2010LPI....41.1460C'}, {u'bibcode': u'2008LPI....39.1155P'}, {u'bibcode': u'2007LPICo1353.3236I'}, {u'bibcode': u'2007LPI....38.2011G'}]"
4200154249,NNX06AB69G,GSFC,NUMERICAL SIMULATIONS OF AFTERGLOW DYNAMICS,MITCHELL BEGELMAN,FRANCIS MARSHALL,UNIVERSITY OF COLORADO,6/5/06,6/1/06,5/31/07,AWARDED,NO,"[{u'bibcode': u'2008AIPC.1000..439L'}, {u'bibcode': u'2007AIPC..924...82L'}, {u'bibcode': u'2007RSPTA.365.1141L'}, {u'bibcode': u'2006NCimB.121.1177L'}]"
4200158005,NNX06AB73G,GSFC,UV TEST & EVALUATION ASSISTANCE FOR GODDARD SPACE FLIGHT CENTER,CHARLES JOSEPH,CARL STAHLE,RUTGERS UNIVERSITY,6/5/06,5/24/06,5/23/07,AWARDED,NO,no hits,"[{u'bibcode': u'2008AIPC.1000..439L'}, {u'bibcode': u'2007AIPC..924...82L'}, {u'bibcode': u'2007RSPTA.365.1141L'}, {u'bibcode': u'2006NCimB.121.1177L'}]"
4200158816,NNX06AC04G,HQ,DAYTIME MULTIWAVELENGTH GROUND BASED OPTICAL INVESTIGATIONS OF PRECURSORS TO LOW-LATITUDE PLASMA IRR,DUGGIRALA PALLAMRAJU,MADHULIKA GUHATHAKURTA,TRUSTEES OF BOSTON UNIVERSITY,6/5/06,5/24/06,5/23/09,AWARDED,NO,[{u'bibcode': u'2011AGUFMSA13B1890C'}]
4200158819,NNX06AC06G,HQ,SOLAR INDUCED VARIATIONS OF STRATOSPHERIC,LON HOOD,MADHULIKA GUHATHAKURTA,UNIVERSITY OF ARIZONA,6/5/06,5/25/06,5/24/09,AWARDED,NO,[{u'bibcode': u'2010JGRD..11511113H'}]
4200159171,NNX06AC18G,HQ,THE GREEN BANK SOLAR RADIO BURST SPECTROMETER: A RESOURCE FOR LWS STUDIES,STEPHEN WHITE,MADHULIKA GUHATHAKURTA,UNIVERSITY OF MARYLAND,6/5/06,5/24/06,6/23/09,AWARDED,NO,"[{u'bibcode': u'2009IAUS..259..185L'}, {u'bibcode': u'2009A&A...497..273L'}]"
4200159972,NNX06AC58G,GSFC,PRE-COLLEGE MINORITY ENGINEERING PROGRAM,RICHARD BEALL,TERRI PATTERSON,CAPITOL COLLEGE,6/5/06,6/25/06,8/4/06,AWARDED,NO,no hits,"[{u'bibcode': u'2009IAUS..259..185L'}, {u'bibcode': u'2009A&A...497..273L'}]"
4200156876,NNX06AC64G,HQ,STUDIES OF MARTIAN AEOLIAN GEOLOGY,RONALD GREELEY,STEVE SAUNDERS,ARIZONA STATE UNIVERSITY,6/5/06,5/4/06,5/3/09,AWARDED,NO,no hits,"[{u'bibcode': u'2009IAUS..259..185L'}, {u'bibcode': u'2009A&A...497..273L'}]"
4200147996,NNX06AB34G,HQ,VOYAGER 1 & 2 AT SATURN REVISITED,JOHN RICHARDSON,CURT NIEBUR,MASSACHUSETTS INSTITUTE OF TECHNOLOGY,6/6/06,5/10/06,5/9/07,AWARDED,NO,no hits,"[{u'bibcode': u'2009IAUS..259..185L'}, {u'bibcode': u'2009A&A...497..273L'}]"
4200156759,NNX06AB60G,HQ,STUDY OF COMETARY ACTIVITY USING MEASUREMENTS BY THE SOLAR WIND ANISTROPIES (SWAN) INSTRUMENT SOHO,MICHAEL COMBI,CRAIG NIEBUR,UNIVERSITY OF MICHIGAN,6/6/06,5/10/06,5/9/09,AWARDED,NO,"[{u'bibcode': u'2010cosp...38..620C'}, {u'bibcode': u'2009DPS....41.1510C'}, {u'bibcode': u'2008DPS....40.1608C'}, {u'bibcode': u'2007DPS....39.5303C'}]"
4200156041,NNX06AB62G,HQ,FURTHER ANALYSIS AND CHARACTERIZATION OF SULFATESAND SULFIDES USING MULTIPLE SPECTRAL TECHNIQUES,MELISSA LANE,MARILYN LINDSTROM,PLANETARY SCIENCE INSTITUTE,6/6/06,6/1/06,5/31/09,AWARDED,NO,[{u'bibcode': u'2009LPI....40.2221D'}]
4200156156,NNX06AB25G,HQ,MINERALOGY & MICROSTRUCTURE OF BASALT WEATHERING RINDS AND THEIR SPECTRAL SIGNATURE IN THERMAL INFRA,THOMAS SHARP,MARILYN LINDSTROM,ARIZONA STATE UNIVERSITY,6/7/06,6/1/06,5/31/09,AWARDED,NO,"[{u'bibcode': u'2008Icar..196...90M'}, {u'bibcode': u'2007LPI....38.1871M'}, {u'bibcode': u'2007LPI....38.2198M'}]"
4200155119,NNX06AB47G,GSFC,THE TRANSITION FROM GAMMA-RAY BURST TO AFTERGLOW,TIMOTHY GIBLIN,FRANCIS MARSHALL,THE COLLEGE OF CHARLESTON,6/7/06,5/8/06,5/7/07,AWARDED,NO,no hits,"[{u'bibcode': u'2008Icar..196...90M'}, {u'bibcode': u'2007LPI....38.1871M'}, {u'bibcode': u'2007LPI....38.2198M'}]"
4200158820,NNX06AC03G,HQ,MODELING THE IMPACT OF STROMTIME ELECTRODYNAMICS ON THE MID AND LOW LATITUDE IONOSPHERE,STANISLAV SAZYKIN,MADHULIKA GUHATHAKURTA,WILLIAM RICE UNIVERSITY,6/7/06,5/24/06,5/23/09,AWARDED,NO,no hits,"[{u'bibcode': u'2008Icar..196...90M'}, {u'bibcode': u'2007LPI....38.1871M'}, {u'bibcode': u'2007LPI....38.2198M'}]"
4200159210,NNX06AC08G,GSFC,"PROPERTIES OF CONVECTIVE CLOUDS OVER THE EASTERN ATLANTIC, COMPARISON, WITH THE EAST PACIFIC AND HOW",EDWARD ZIPSER,RICHARD LAWRENCE,UNIVERSITY OF UTAH,6/7/06,6/1/06,5/31/09,AWARDED,NO,no hits,"[{u'bibcode': u'2008Icar..196...90M'}, {u'bibcode': u'2007LPI....38.1871M'}, {u'bibcode': u'2007LPI....38.2198M'}]"
4200159591,NNX06AC32G,HQ,ADVANCED FORECASTING METHODOLOGIES FOR SOLAR PARTICLE EVENT RADIATION EXPOSURES,LAWRENCE TOWNSEND,MADHULIKA GUHATHAKURTA,UNIVERSITY OF TENNESSEE,6/7/06,6/1/06,5/31/09,AWARDED,NO,no hits,"[{u'bibcode': u'2008Icar..196...90M'}, {u'bibcode': u'2007LPI....38.1871M'}, {u'bibcode': u'2007LPI....38.2198M'}]"
4200159643,NNX06AC34G,HQ,DEVELOPMENT OF A LIMB SCANNING OCCULTATION RECEIVER FORIONOSPHERIC/ATMOSPERIC REMOTE SENSING USING,MARK PSIAKI,MADHULIKA GUHATHAKURTA,CORNELL UNIVERSITY,6/7/06,5/25/06,5/24/09,AWARDED,NO,no hits,"[{u'bibcode': u'2008Icar..196...90M'}, {u'bibcode': u'2007LPI....38.1871M'}, {u'bibcode': u'2007LPI....38.2198M'}]"
4200159645,NNX06AC36G,HQ,MODELING THE 3D DENSITY STRUCTURE AND WHITE LIGHT APPEARANCE OF CME EVENTS,WARD MANCHESTER,MADHULIKA GUHATHAKURTA,UNIVERSITY OF MICHIGAN,6/7/06,6/1/06,5/31/09,AWARDED,NO,[{u'bibcode': u'2008JASTP..70..598L'}]
4200156964,NNX06AB03G,HQ,VOLCANIC PLUMES ON MARS AND VENUS,LORI GLAZE,STEVE SAUNDERS,PROXEMY RESEARCH INC.,6/8/06,5/15/06,5/14/09,AWARDED,NO,no hits,[{u'bibcode': u'2008JASTP..70..598L'}]
4200155925,NNX06AB18G,HQ,THE ROLE OF WATER IN THE EARLY FORMATION OF MARS,LINDA ELKING-TANTON,MARILYN LINDSTROM,BROWN UNIVERSITY,6/8/06,5/10/06,5/9/09,AWARDED,NO,no hits,[{u'bibcode': u'2008JASTP..70..598L'}]
4200156263,NNX06AB21G,HQ,ASSESSING THE PRESERVATION OF FLUVIAL PATHWAYS,REBECCA WILLIAMS,MARILYN LINDSTROM,PLANETARY SCIENCE INSTITUTE,6/8/06,6/1/06,5/31/09,AWARDED,NO,"[{u'bibcode': u'2010JGRE..115.7011B'}, {u'bibcode': u'2009Geomo.107..300W'}]"
4200158627,NNX06AB88G,HQ,A PHOTOMETRY-BASED MODEL OF GLOBAL THERMOSPHERIC COLUMN O/N2 DRIVEN BY SOLAR AND MAGNETOSPHERIC,KAN LIOU,MADHULIKA GUHATHAKURTA,JOHNS HOPKINS UNIVERSITY,6/8/06,6/1/06,5/31/09,AWARDED,NO,"[{u'bibcode': u'2010JGRA..11512219L'}, {u'bibcode': u'2007JGRA..112.9104W'}, {u'bibcode': u'2007AdSpR..40.1827W'}]"
4200158867,NNX06AC91H,SSC,SPECTRAL FINGERPRINTING OF HYDROCARBONS USING A NEW EXCITATION-EMISSION FLUOROMETER,GREGORY CARTER,KATIE WALLACE,UNIVERSITY OF SOUTHERN MISSISSIPPI,6/8/06,5/24/06,5/23/09,AWARDED,NO,no hits,"[{u'bibcode': u'2010JGRA..11512219L'}, {u'bibcode': u'2007JGRA..112.9104W'}, {u'bibcode': u'2007AdSpR..40.1827W'}]"
4200158867,NNX06AC91H,SSC,SPECTRAL FINGERPRINTING OF HYDROCARBONS USING A NEW EXCITATION-EMISSION FLUOROMETER,GREGORY CARTER,KATIE WALLACE,UNIVERSITY OF SOUTHERN MISSISSIPPI,6/8/06,5/24/06,5/23/09,AWARDED,NO,no hits,"[{u'bibcode': u'2010JGRA..11512219L'}, {u'bibcode': u'2007JGRA..112.9104W'}, {u'bibcode': u'2007AdSpR..40.1827W'}]"
4200157233,NNX06AB29G,HQ,GEOLOGICAL MAPPING OF VENUS CHARACTERIZATION OF SOME MAJOR TOPOGRAPHIC FEATURES AND DEVELOPING CRITE,JAMES HEAD,STEVE SAUNDERS,BROWN UNIVERSITY,6/9/06,5/10/06,5/9/07,AWARDED,NO,no hits,"[{u'bibcode': u'2010JGRA..11512219L'}, {u'bibcode': u'2007JGRA..112.9104W'}, {u'bibcode': u'2007AdSpR..40.1827W'}]"
4200156173,NNX06AB33G,HQ,CHRONOLOGICAL AND MINERALOGICAL STUDIES,STEPHEN SYMES,MARILYN LINDSTROM,UT,6/9/06,7/17/06,7/16/09,AWARDED,NO,no hits,"[{u'bibcode': u'2010JGRA..11512219L'}, {u'bibcode': u'2007JGRA..112.9104W'}, {u'bibcode': u'2007AdSpR..40.1827W'}]"
4200156251,NNX06AB66G,GSFC,A-TRAIN DEPOT INTEGRATING ATMOSPHERIC MEASUREMENTS ALONG THE A-TRAIN TRACKS UTILIZING DATA AQUA,DON REINKE,STEVEN KEMPLER,COLORADO STATE UNIVERSITY,6/9/06,5/9/06,5/8/08,AWARDED,NO,no hits,"[{u'bibcode': u'2010JGRA..11512219L'}, {u'bibcode': u'2007JGRA..112.9104W'}, {u'bibcode': u'2007AdSpR..40.1827W'}]"
4200159649,NNX06AC37G,HQ,SELF CONSISTENT SOLAR ENERGETIC PARTICLE ACCELERATION AT EVOLVE SHOCKS ASSOCIATED W/MASS EJECTION,JAKOBUS LE ROUX,MADHULIKA GUHATHAKURTA,REGENTS OF THE UNIVERSITY OF CALIFORNIA,6/9/06,5/26/06,5/25/09,AWARDED,NO,no hits,"[{u'bibcode': u'2010JGRA..11512219L'}, {u'bibcode': u'2007JGRA..112.9104W'}, {u'bibcode': u'2007AdSpR..40.1827W'}]"
4200157262,NNX06AC61G,HQ,GEOLOGIC MAPPING OF THE MARTIAN IMPACT CRATER TOOTING,PETER MOUGINIS-MARK,STEVE SAUNDERS,UNIVERSITY OF HAWAII,6/9/06,5/31/06,5/30/09,AWARDED,NO,[{u'bibcode': u'2010Icar..209..369M'}]
4200157263,NNX06AB26G,HQ,MODELS AND CODE CALCULATIONS OF IMPACT PROCESSES IN ASTEROIDS AND SOLAR SYSTEM BODIES,KEITH HOLSAPPLE,STEVE SAUNDERS,UNIVERSITY OF WASHINGTON,6/12/06,5/10/06,5/9/09,AWARDED,NO,"[{u'bibcode': u'2009LPI....40.2053H'}, {u'bibcode': u'2009P&SS...57..127H'}]"
4200155929,NNX06AB53G,HQ,SPECTROSCOPY OF NATURAL GLASSES AND CONSTRAINTS ON MINERAL DETECTABILITY IN THE MIDDLE INFRARED,VICTORIA HAMILTON,MARILYN LINDSTROM,UNIVERSITY OF HAWAII,6/12/06,5/10/06,5/9/08,AWARDED,NO,no hits,"[{u'bibcode': u'2009LPI....40.2053H'}, {u'bibcode': u'2009P&SS...57..127H'}]"
4200157839,NNX06AB61G,HQ,TEMPERATURE DEPENDENCE OF OXYGEN ATOM RECOMBINATION,DAVID HUESTIS,PHILIP RICHARDS,SRI INTERNATIONAL,6/12/06,6/1/06,5/31/07,AWARDED,NO,no hits,"[{u'bibcode': u'2009LPI....40.2053H'}, {u'bibcode': u'2009P&SS...57..127H'}]"
4200156303,NNX06AB63G,GSFC,A-TRAIN DATA DEPOT: INTEGRATING ATMOSPHERE MEASUREMENTS ALONG THE A-TRAIN TRACKS UTILIZING DATA FROM,GRAEME STEPHENS,STEVE KEMPLER,COLORADO STATE UNIVERSITY,6/12/06,5/8/06,5/7/08,AWARDED,NO,no hits,"[{u'bibcode': u'2009LPI....40.2053H'}, {u'bibcode': u'2009P&SS...57..127H'}]"
4200157713,NNX06AB64G,GSFC,SUB-MILLIMETER SPECTROSCOPY OF ASTROPHYSICALLY SIGNIFICANT METAL HYDRADE-SPECIES,LUCY ZIURYS,PAMELA MARCUM,UNIVERSITY OF ARIZONA,6/12/06,6/1/06,5/31/09,AWARDED,NO,[{u'bibcode': u'2006JMoSp.240...58H'}]
4200157953,NNX06AB76G,HQ,PROPOSAL FOR THE 2006 ACHIEVING SATELLITE INSTRUMENT CALIBRATION FOR CLIMATE CHANGE (ASIC3) WORKSHOP,JOE TANSOCK,JACK KAYE,UTAH STATE UNIVERSITY RESEARCH FOUNDATION,6/12/06,5/18/06,5/17/07,AWARDED,NO,no hits,[{u'bibcode': u'2006JMoSp.240...58H'}]
4200158601,NNX06AB86G,HQ,MULTI INSTRUMENT INVESTIGATION OF INNER MAGNETOSPHERE / IONOSPHERE DISTURBANCES,JOHN FOSTER,MADULIKA GUHATHAKURTA,MASSACHUSETTS INSTITUTE OF TECHNOLOGY,6/12/06,5/9/06,5/8/09,AWARDED,NO,"[{u'bibcode': u'2009AAS...21346408C'}, {u'bibcode': u'2007JGRA..11211302H'}, {u'bibcode': u'2007AnGeo..25.1791F'}]"
4200154952,NNX06AB97G,GSFC,O VI AND C III EMISSION FROM LMC SUPERBUBBLE,CHARLES DANFORTH,GEORGE SONNEBORN,UNIVERSITY OF COLORADO - CASA,6/12/06,6/6/06,6/5/07,AWARDED,NO,no hits,"[{u'bibcode': u'2009AAS...21346408C'}, {u'bibcode': u'2007JGRA..11211302H'}, {u'bibcode': u'2007AnGeo..25.1791F'}]"
4200158862,NNX06AC02G,HQ,INTERNATIONAL SYMPOSIUM ON RECENT OBSERVATIONS AND SIMULATIONS OF THE SUN-EARTH SYSTEM,VANIA JORDANOVA,MADHUIKA GUHATHAKURTA,UNIVERSITY OF NEW HAMPSHIRE,6/12/06,5/24/06,5/23/07,AWARDED,NO,no hits,"[{u'bibcode': u'2009AAS...21346408C'}, {u'bibcode': u'2007JGRA..11211302H'}, {u'bibcode': u'2007AnGeo..25.1791F'}]"
4200158800,NNX06AC05G,HQ,IMPLICATIONS OF ENERGETIC PARTICLE PRECIPITATION FOR THE STRATOSPHERE,CORA RANDALL,MADHULIKA GUHATHAKURTA,UNIVERSITY OF COLORADO,6/12/06,7/1/06,6/30/09,AWARDED,NO,"[{u'bibcode': u'2011ACP....11.6153J'}, {u'bibcode': u'2011ACPD...11.7715J'}, {u'bibcode': u'2010GeoRL..3722106F'}, {u'bibcode': u'2009JGRA..11410312S'}, {u'bibcode': u'2009GeoRL..3618811R'}]"
4200159324,NNX06AC24G,HQ,STUDY OF THE CHANGING SOLAR INTERIOR USING GLOBAL AND LOCAL HELIOSEISMOLOGY,EDWARD RHODES,MADHULIKA GUHATHAKURTA,UNIVERSITY OF SOUTHERN CALIFORNIA,6/12/06,5/24/06,5/23/09,AWARDED,NO,[{u'bibcode': u'2011IAUS..273..389R'}]
4200155880,NNX06AB20G,HQ,ACQUISITION OF ORIENTED MID-INFRARED (100-4000 CM-1) SPECTRA AND OPTICAL CONSTANTS FOR 49 MINERALS..,GEORGE ROSSMAN,MARILYN LINDSTROM,CALIFORNIA INSTITUTE OF TECHNOLOGY,6/13/06,5/10/06,5/9/07,AWARDED,NO,"[{u'bibcode': u'2009Icar..204..663G'}, {u'bibcode': u'2009LPI....40.2156C'}]"
4200155471,NNX06AB51G,GSFC,STAR FORMATION HISTORY IN THE RICHEST CLUSTERS OF GALAXIES,WILLIAM KEEL,SUSAN NEFF,UNIVERSITY OF ALABAMA-TUSCALOOSA,6/13/06,8/1/06,7/31/07,AWARDED,NO,no hits,"[{u'bibcode': u'2009Icar..204..663G'}, {u'bibcode': u'2009LPI....40.2156C'}]"
4200156681,NNX06AB08A,HQ,DATA AND INFORMATION LAYER (DIAL),BRUCE CARON,MARTHA MAIDEN,"NEW MEDIA STUDIO, INC.",6/14/06,6/1/06,5/31/08,AWARDED,NO,no hits,"[{u'bibcode': u'2009Icar..204..663G'}, {u'bibcode': u'2009LPI....40.2156C'}]"
4200157264,NNX06AB30G,HQ,STUDIES OF ASTEROIDS AND SATELLITES,ALAN HARRIS,STEVE SAUNDERS,ARIZONA STATE UNIVERSITY,6/14/06,5/10/06,5/9/07,AWARDED,NO,[{u'bibcode': u'2006DPS....38.5917W'}]
4200157266,NNX06AB31G,HQ,GLOBAL GEOLOGICAL MAP OF EUROPA,RONALD GREELEY,STEVE SAUNDERS,ARIZONA STATE UNIVERSITY,6/14/06,5/15/06,5/14/07,AWARDED,NO,no hits,[{u'bibcode': u'2006DPS....38.5917W'}]
4200156505,NNX06AB58G,GSFC,PARTICIPATION IN THE CASSINI-HUYGENS GAS CHROMATOGRAPH-MASS SPECTROMETER TEAM,TOBIAS OWEN,WAYNE KASPRZAK,UNIVERSITY OF HAWAII,6/14/06,5/4/06,5/3/08,AWARDED,NO,no hits,[{u'bibcode': u'2006DPS....38.5917W'}]
4200143736,NNX06AB82G,HQ,GENERATION OF O AND O IN COMETARY ATMOSPHERES,TOM SLANGER,CURT NIEBUR,SRI INTERNATIONAL,6/14/06,5/18/06,5/17/09,AWARDED,NO,"[{u'bibcode': u'2012Icar..220..205K'}, {u'bibcode': u'2009mss..confEWI15K'}]"
4200158548,NNX06AB85G,HQ,INTERMITTENT HEATING OF THE SOLAR WIND IN CORONAL HOLES,SERGEI MARKOVSKII,MADHULIKA GUHATHAKURTA,UNIVERSITY SYSTEM OF NEW HAMPSHIRE,6/14/06,5/18/06,5/17/09,AWARDED,NO,no hits,"[{u'bibcode': u'2012Icar..220..205K'}, {u'bibcode': u'2009mss..confEWI15K'}]"
4200158549,NNX06AB89G,HQ,SOLAR WIND GEOEFFECTIVENESS AS A FUNCTION OF IMF AND DYNAMIC PRESSURE AND ITS EFFECT ON HIGH-LATITUD,ANTHANASIOS BOUDOURIDIS,MADHULIKA GUHATHAKURTA,UNIVERSITY OF CALIFORNIA,6/14/06,5/24/06,5/23/09,AWARDED,NO,"[{u'bibcode': u'2011JGRA..11610311K'}, {u'bibcode': u'2008JGRA..11312211B'}]"
4200158831,NNX06AC23G,GSFC,EFFICIENT HIGH SPEED IMPLEMENTATION OF A 4D TRELLIS,WAI FONG,ZHONGFENG WANG,OREGON STATE UNIVERSITY,6/14/06,5/24/06,5/23/07,AWARDED,NO,no hits,"[{u'bibcode': u'2011JGRA..11610311K'}, {u'bibcode': u'2008JGRA..11312211B'}]"
4200159421,NNX06AC31H,HQ,SPACE GRANT CONSORTIUM,THOMAS FILBURN,DIANE DETROYE,UNIVERSITY OF HARTFORD,6/14/06,5/25/06,5/24/11,AWARDED,NO,no hits,"[{u'bibcode': u'2011JGRA..11610311K'}, {u'bibcode': u'2008JGRA..11312211B'}]"
4200159063,NNX06AC41G,HQ,NUMERICAL MODELING OF CONVECTION IN EUROPA'S ICY SHELL WITH SALINITY AND ITS IMPACT ON SURFACE FEAT,LIJIE HAN,STEVE SAUNDERS,PLANETARY SCIENCE INSTITUTE,6/14/06,7/1/06,6/30/09,AWARDED,NO,"[{u'bibcode': u'2010Icar..207..834H'}, {u'bibcode': u'2009DPS....41.5103H'}]"
4200159595,NNX06AC43G,GSFC,FUSE OBSERVATIONS OF HOT SUBDWARF B STARS,JEFFREY KRUK,GEORGE SONNEBORN,JOHN HOPKINS UNIVERSITY,6/14/06,7/1/06,6/30/07,AWARDED,NO,no hits,"[{u'bibcode': u'2010Icar..207..834H'}, {u'bibcode': u'2009DPS....41.5103H'}]"
4200159538,NNX06AC47G,GSFC,"HI, D I AND OTHER ABUNDANCES ALONG THREE EXTENDED SIGHTLINES",CRISTINA OLIVEIRA,GEORGE SONNEBORN,JOHNS HOPKINS UNIVERSITY,6/14/06,6/6/06,6/5/07,AWARDED,NO,no hits,"[{u'bibcode': u'2010Icar..207..834H'}, {u'bibcode': u'2009DPS....41.5103H'}]"
4200160135,NNX06AC55G,GSFC,CYCLONES FROM AFRICA: THE TRANSITION OF AFRICAN EASTERLY WAVES FROM CONTINENT TO OCEAN,EMMANOUIL ANAGNOSTOU,RICHARD LAWRENCE,MASSACHUSETTES INSTITUTE OF TECHNOLOGY,6/14/06,6/6/06,6/5/07,AWARDED,NO,no hits,"[{u'bibcode': u'2010Icar..207..834H'}, {u'bibcode': u'2009DPS....41.5103H'}]"
4200156029,NNX06AB40G,GSFC,A TRAIN DEPOT: INTEGRATING ATMOSPHERIC MEASUREMENTS,MARILYN FOGEL,DANIEL GLAVIN,CARNEGIE INSTITUTION OF WASHINGTON,6/15/06,6/1/06,5/31/09,AWARDED,NO,no hits,"[{u'bibcode': u'2010Icar..207..834H'}, {u'bibcode': u'2009DPS....41.5103H'}]"
4200155846,NNX06AB57G,GSFC,THE VALIDATION OF AURA OZONE MEASUREMENTS USING CLOUD SLICING,SUSHIL CHANDRA,P.K. BHARTTIA,UNIVERSITY OF MARYLAND BALTIMORE COUNTY,6/15/06,6/15/06,6/14/09,AWARDED,NO,no hits,"[{u'bibcode': u'2010Icar..207..834H'}, {u'bibcode': u'2009DPS....41.5103H'}]"
4200158628,NNX06AB83G,HQ,SOLAR FLARE FORECASTING USING TOPOLOGICAL ENERGY MODELS,DANA LONGCOPE,MADHULIKA GUHATHAKURTA,MONTANA STATE UNIVERSITY,6/15/06,10/1/06,9/30/09,AWARDED,NO,no hits,"[{u'bibcode': u'2010Icar..207..834H'}, {u'bibcode': u'2009DPS....41.5103H'}]"
4200158844,NNX06AC01G,HQ,DEVELOPMENT OF TRANSMISSION FILTERS FOR THE RESONANT LINES OF OXYGEN IN ...,MATTHEW BEASLEY,ERIC P SMITH,UNIVERSITY OF COLORADO,6/15/06,5/24/06,5/23/07,AWARDED,NO,no hits,"[{u'bibcode': u'2010Icar..207..834H'}, {u'bibcode': u'2009DPS....41.5103H'}]"
4200159325,NNX06AC21G,HQ,MODELING AND OBSERVATIONS OF SOLAR ENERGETIC PARTICLE SPECTRAL BREAKS,RICHARD MEWALDT,MADHULIKA GUHATHAKURTA,CALIFORNIA INSTITUTE OF TECHNOLOGY,6/15/06,5/24/06,5/23/09,AWARDED,NO,"[{u'bibcode': u'2010JGRA..115.6101C'}, {u'bibcode': u'2008ICRC....1...95C'}, {u'bibcode': u'2007SSRv..130..323M'}]"
4200147337,NNX06AB37G,HQ,HIGH-RESOLUTION FOSSIL FUEL EMISSION ESTIMATES IN SUPPORT OF NACP CO2 MEASUREMENTS AND ASSIMILATION,KEVIN GURNEY,WILLIAM EMANUEL,PURDUE UNIVERSITY,6/16/06,5/10/06,5/9/08,AWARDED,NO,no hits,"[{u'bibcode': u'2010JGRA..115.6101C'}, {u'bibcode': u'2008ICRC....1...95C'}, {u'bibcode': u'2007SSRv..130..323M'}]"
4200154462,NNX06AB44G,GSFC,RADIO AFTERGLOW STUDIES: THE LONG AND SHORT OF IT,SHRINIVAS KULKARNI,F. RICK HARNDEN,CAL TECH,6/16/06,5/10/06,5/9/07,AWARDED,NO,no hits,"[{u'bibcode': u'2010JGRA..115.6101C'}, {u'bibcode': u'2008ICRC....1...95C'}, {u'bibcode': u'2007SSRv..130..323M'}]"
4200159540,NNX06AC45G,GSFC,FUSE OBSERVATIONS-DEEP QUIESCENT MAGNETIC ACTIVITY STATE OF ALPHA CEN A,LAURENCE DEWARF,GEORGE SONNEBORN,VILLANOVA UNIVERSITY,6/19/06,6/6/06,6/5/07,AWARDED,NO,"[{u'bibcode': u'2009AAS...21340609D'}, {u'bibcode': u'2007AAS...21110423C'}, {u'bibcode': u'2006AAS...209.8901C'}]"
4200158895/159822,NNX06AB14G,HQ,GAS PHASE CHEMISTRY OF IONS AND MODULES....,THEODORE SNOW,PAMELA MARCUM,UNIVERSITY OF COLORADO,6/20/06,5/25/06,5/24/09,AWARDED,NO,[{u'bibcode': u'2008ApJ...680.1256H'}]
4200154047,NNX06AB56G,GSFC,SAM MSL,TOBIAS OWEN,PAUL MAHAFFY,UNIVERSITY OF HAWAII AT MANOA,6/20/06,7/1/06,6/30/09,AWARDED,NO,no hits,[{u'bibcode': u'2008ApJ...680.1256H'}]
4200157961,NNX06AB74G,HQ,TESTING CLIMATE MODEL SIMULATIONS OF CLOUD LIFECYCLE DYNAMICS USING NASA A-TRAIN,JAMES HACK,DONALD ANDERSON,UCAR,6/20/06,5/18/06,5/17/09,AWARDED,NO,no hits,[{u'bibcode': u'2008ApJ...680.1256H'}]
4200159769,NNX06AC38G,HQ,RELATIVISTIC ELECTRON ACCELERATION AND TRANSPORT: CRRES AND SCATHA OBSERVATIONS IN THE INNER MAGNET,JIM ROEDER,MADHULIKA GUHATHAKURTA,THE AEROSPACE CORPORATION,6/20/06,5/25/06,5/24/09,AWARDED,NO,[{u'bibcode': u'2008JASTP..70.1760F'}]
4200159648,NNX06AC39G,HQ,SOLAR-WIND ION ENTRY INTO THE MAGNETOSPHERE THROUGH THE MAGNETOSHEATH,MARGARET CHEN,MADHULIKA GUTHATHAKURTA,AEROSPACE CORPORATION,6/20/06,6/1/06,5/31/07,AWARDED,NO,[{u'bibcode': u'2008JASTP..70..482S'}]
4200158865,NNX06AC52H,SSC,ADVANCED PROPULSION SYSTEMS TESTING FOR OPTIMIZED DESIGNS,WILLIAM ANDERSON,KATIE WALLACE,PURDUE UNIVERSITY,6/20/06,8/1/06,7/31/09,AWARDED,NO,no hits,[{u'bibcode': u'2008JASTP..70..482S'}]
4200158865,NNX06AC52H,SSC,ADVANCED PROPULSION SYSTEMS TESTING FOR OPTIMIZED DESIGNS,WILLIAM ANDERSON,KATIE WALLACE,PURDUE UNIVERSITY,6/20/06,8/1/06,7/31/09,AWARDED,NO,no hits,[{u'bibcode': u'2008JASTP..70..482S'}]
4200160293,NNX06AC57G,HQ,VALIDATION OF OMI-DERIVED TROPOSPHERIC OZONE USING THE SCAN ANGLE GEOMETRY METHOD,MICHAEL NEWCHURCH,PHILIP DECOLA,UNIVERSITY OF ALABAMA AT HUNTSVILLE,6/20/06,7/1/06,6/30/09,AWARDED,NO,no hits,[{u'bibcode': u'2008JASTP..70..482S'}]
4200155295,NNX06AB45G,GSFC,CONSTRAINING LOW LEVEL STAR FORMATION ACTIVITY: A DEEP GALEX SURVEY AT THE OUTSKIRTS OF THE COMA CL,HENRY FERGUSON,SUSAN NEFF,SPACE TELESCOPE SCIENCE INSTITUTE,6/21/06,5/8/06,5/7/07,AWARDED,NO,no hits,[{u'bibcode': u'2008JASTP..70..482S'}]
4200156758,NNX06AB91G,HQ,SOUNDING OF SATELLITE INTERIORS BY USING ELECTROMAGNETIC INDUCTION,KRISHAN KHURANA,CURT NIEBUR,UNIVERSITY OF CALIFORNIA LA,6/21/06,5/18/06,5/17/09,AWARDED,NO,"[{u'bibcode': u'2010JGRA..11512202J'}, {u'bibcode': u'2010SSRv..152..271J'}, {u'bibcode': u'2008Icar..193..465K'}, {u'bibcode': u'2007JGRA..112.8203K'}]"
4200154900,NNX06AB99G,GSFC,O VI EMISSION FROM THE HALO OF THE EDGE-ON GALAXY NGC 3556,DANIEL WANG,GEORGE SONNEBORN,UNIVERSITY OF MASSACHUSETTS,6/21/06,6/6/06,6/5/07,AWARDED,NO,"[{u'bibcode': u'2009AIPC.1156..257W'}, {u'bibcode': u'2007arXiv0705.2772W'}, {u'bibcode': u'2007EAS....24...59W'}]"
4200158882,NNX06AC17G,GSFC,FPGA - IMPLEMENTATION OF LDPC DECODERS AND LDPC CODE DESIGN FOR LASER COMMUNICATION,WILLIAM RYAN,WAI FONG,UNIVERSITY OF ARIZONA,6/21/06,7/1/06,6/30/07,AWARDED,NO,no hits,"[{u'bibcode': u'2009AIPC.1156..257W'}, {u'bibcode': u'2007arXiv0705.2772W'}, {u'bibcode': u'2007EAS....24...59W'}]"
4200149854,NNX06AC72G,GSFC,CAREER OPPORTUNITIES FOR STUDENTS WITH DISABILITIES,RUSS COUGHENOUR,MICHAEL HARTMAN,UNIVERSITY OF TENNESSEE,6/21/06,6/6/06,6/5/07,AWARDED,NO,no hits,"[{u'bibcode': u'2009AIPC.1156..257W'}, {u'bibcode': u'2007arXiv0705.2772W'}, {u'bibcode': u'2007EAS....24...59W'}]"
4200155942,NNX06AB28G,HQ,IMPLANTATION OF MARTIAN ATMOSPHERE INTO METEORITES AS A FUNCTION OF TEMPERATURE,TIM SWINDLE,MARILYN LINDSTROM,UNIVERSITY OF ARIZONA,6/22/06,5/10/06,5/9/09,AWARDED,NO,[{u'bibcode': u'2009Icar..203...66S'}]
4200150266,NNX06AB39G,GSFC,DEVELOPMENT OF STANDARD IMPLEMENTATION PRACTICES AND PRODUCTIVITY SOFTWARE FOR ESMF-BASE MAP SYSTEMS,PAUL SCHOPF,MAX J. SUAREZ,COLA CENTER OF THE INSTITUTE OF GLOBAL ENVIRONMENT,6/22/06,5/10/06,5/9/09,AWARDED,NO,no hits,[{u'bibcode': u'2009Icar..203...66S'}]
4200146088,NNX06AB48G,GSFC,MOIST PHYSICS DEVELOPMENT FOR GEOS-5 USING SINGLE COLUMN MODELS WITH PARAMETERIZED DYNAMICS,ADAM SOBEL,MICHELE RIENECKER,COLUMBIA UNIVERSITY,6/22/06,5/8/06,5/7/09,AWARDED,NO,no hits,[{u'bibcode': u'2009Icar..203...66S'}]
4200159776,NNX06AC33G,HQ,SUMMER SCHOOL IN HIGH-ENERGY SOLAR PHYSICS AT THE UNIVERSITY OF NEW HAMPSHIRE,JAMES RYAN,MADHULIKA GUHATHAKURTA,UNIVERSITY OF NEW HAMPSHIRE,6/22/06,6/1/06,5/31/07,AWARDED,NO,no hits,[{u'bibcode': u'2009Icar..203...66S'}]
4200160213,NNX06AC65G,GSFC,MICROPHYSICAL MEASUREMENTS AND ANALYSIS IN SUPPORT OF THE NASA AFRICAN MONSOON MULTIDISCIPLINARY ACT,CYNTHIA TWOHY,RICHARD LAWRENCE,OREGON STATE UNIVERSITY/COLLEGE OF OCEANIC ATMOSPH,6/22/06,7/1/06,6/30/09,AWARDED,NO,no hits,[{u'bibcode': u'2009Icar..203...66S'}]
4200157234,NNX06AB27G,HQ,PHYSICAL STUDIES OF LARGE SCALE COLLISIONS,DAVID NESVORNEY,R. STEPHEN SAUNDERS,SOUTHWEST RESEARCH INSTITUTE,6/23/06,5/10/06,5/9/09,AWARDED,NO,no hits,[{u'bibcode': u'2009Icar..203...66S'}]
4200158662,NNX06AB84G,HQ,QUANTIFYING LOSSES AND SOURCES OF RELATIVISTIC ELECTRONS USING KALMAN FILTERING,YURI SHPRITS,MADHULIKA GUHATHAKURTA,UNIVERSITY OF CALIFORNIA AT LOS ANGELES,6/23/06,6/1/06,5/31/09,AWARDED,NO,"[{u'bibcode': u'2009JASTP..71.1647A'}, {u'bibcode': u'2008JASTP..70.1679S'}, {u'bibcode': u'2008JASTP..70.1694S'}, {u'bibcode': u'2007JGRA..11212216S'}, {u'bibcode': u'2006JGRA..11112206S'}, {u'bibcode': u'2006JGRA..11111214S'}]"
4200159217,NNX06AC19G,HQ,HEATING THE CORONA AND THE SOLAR WIND....,AMITAVA BHATTACHARJEE,MADHULIKA GUHATHAKURTA,UNIVERSITY OF NEW HAMPSHIRE,6/23/06,7/1/06,6/30/09,AWARDED,NO,"[{u'bibcode': u'2013arXiv1302.0567L'}, {u'bibcode': u'2011arXiv1109.6038L'}, {u'bibcode': u'2010AGUFMSH31C1809N'}, {u'bibcode': u'2010APS..DPPNP9119L'}, {u'bibcode': u'2009PhPl...16k2102B'}, {u'bibcode': u'2009JGRA..114.1107P'}, {u'bibcode': u'2007PhPl...14e2106P'}, {u'bibcode': u'2007PhPl...14e2109P'}]"
4200160362,NNX06AC67G,GSFC,MICROPHYSICAL MEASUREMENTS AND ANALYSIS IN SUPPORT OF THE NASA AFRICAN MONSOON MULTIDISCIPLINARY,ANDREW HEYMSFIELD,RICHARD LAWRENCE,UNIVERSITY CORPORATION FOR ATMOSPHERIC RESEARCH,6/23/06,6/6/06,6/5/09,AWARDED,NO,no hits,"[{u'bibcode': u'2013arXiv1302.0567L'}, {u'bibcode': u'2011arXiv1109.6038L'}, {u'bibcode': u'2010AGUFMSH31C1809N'}, {u'bibcode': u'2010APS..DPPNP9119L'}, {u'bibcode': u'2009PhPl...16k2102B'}, {u'bibcode': u'2009JGRA..114.1107P'}, {u'bibcode': u'2007PhPl...14e2106P'}, {u'bibcode': u'2007PhPl...14e2109P'}]"
4200148867,NNX06AC22G,GSFC,DESIGN AND ANALYSIS IN SUPPORT OF MISSION ARCHITECTURES IN NASA'S VISION FOR SPACE EXPLORATION,DR. KATHLEEN HOWELL,DAVID FOLTA,PURDUE UNIVERSITY,6/26/06,5/24/06,5/23/07,AWARDED,NO,no hits,"[{u'bibcode': u'2013arXiv1302.0567L'}, {u'bibcode': u'2011arXiv1109.6038L'}, {u'bibcode': u'2010AGUFMSH31C1809N'}, {u'bibcode': u'2010APS..DPPNP9119L'}, {u'bibcode': u'2009PhPl...16k2102B'}, {u'bibcode': u'2009JGRA..114.1107P'}, {u'bibcode': u'2007PhPl...14e2106P'}, {u'bibcode': u'2007PhPl...14e2109P'}]"
4200156838,NNX06AB06G,HQ,UNDERSTANDING AND SPECIFYING THE DAYSIDE CURRENT CIRCUIT AND ITS ROLE IN M-1 COUPLING,JESPER GJERLOEV,MARY MELLOT,JOHNS HOPKINS UNIVERSITY,6/27/06,5/15/06,5/14/07,AWARDED,NO,no hits,"[{u'bibcode': u'2013arXiv1302.0567L'}, {u'bibcode': u'2011arXiv1109.6038L'}, {u'bibcode': u'2010AGUFMSH31C1809N'}, {u'bibcode': u'2010APS..DPPNP9119L'}, {u'bibcode': u'2009PhPl...16k2102B'}, {u'bibcode': u'2009JGRA..114.1107P'}, {u'bibcode': u'2007PhPl...14e2106P'}, {u'bibcode': u'2007PhPl...14e2109P'}]"
4200156602,NNX06AC16G,GSFC,EFFECT OF RADIATION ON NON-LINEAR CRYSTALS,DAVID ROTH,BRIAN OTTENS,JOHNS HOPKINS UNIVERSITY,6/27/06,5/2/06,10/1/06,AWARDED,NO,no hits,"[{u'bibcode': u'2013arXiv1302.0567L'}, {u'bibcode': u'2011arXiv1109.6038L'}, {u'bibcode': u'2010AGUFMSH31C1809N'}, {u'bibcode': u'2010APS..DPPNP9119L'}, {u'bibcode': u'2009PhPl...16k2102B'}, {u'bibcode': u'2009JGRA..114.1107P'}, {u'bibcode': u'2007PhPl...14e2106P'}, {u'bibcode': u'2007PhPl...14e2109P'}]"
4200159115,NNX06AC86G,GSFC,BIOMASS-BURNING AEROSOIS IN SOUTH EAST ASIA: SMOKE IMPACT ASSESSMENT (BASE-ASIA),LACKSON MARUFU,SI-CHEE TSAY,UNIVERSITY OF MARYLAND,6/27/06,6/20/06,6/19/07,AWARDED,NO,no hits,"[{u'bibcode': u'2013arXiv1302.0567L'}, {u'bibcode': u'2011arXiv1109.6038L'}, {u'bibcode': u'2010AGUFMSH31C1809N'}, {u'bibcode': u'2010APS..DPPNP9119L'}, {u'bibcode': u'2009PhPl...16k2102B'}, {u'bibcode': u'2009JGRA..114.1107P'}, {u'bibcode': u'2007PhPl...14e2106P'}, {u'bibcode': u'2007PhPl...14e2109P'}]"
4200155293,NNX06AB46G,GSFC,MAGNETIC FIELDS ON ALIEN DWARFS: STELLAR ACTIVITY IN THE ARCTURUS MOVING GROUP,ALEXANDER BROWN,SUSAN NEFF,UNIVERSITY OF COLORADO,6/28/06,7/1/06,6/30/07,AWARDED,NO,[{u'bibcode': u'2012AAS...22032804B'}]
4200159018,NNX06AB94G,GSFC,TARGET OF OPPORTUNITY OBSERVATION OF A MAJOR RADIO....,MICHAEL MCCOLLOUGH,BONNARD TEEGARDEN,SMITHSONIAN ASTROPHYSICAL OBSERVATORY,6/28/06,5/31/06,5/30/07,AWARDED,NO,"[{u'bibcode': u'2011MNRAS.416L..84K'}, {u'bibcode': u'2010arXiv1003.4278M'}]"
4200159237,NNX06AC27G,HQ,UNDERSTANDING ENERGETIC PARTICLE RESPONSES TO LOCAL INTERPLANETARY SHOCKS THROUGH OBSERVATION,CHRISTINA COHEN,MADHULIKA GUHATHAKURTA,CALIFORNIA INSTITUTE OF TECHNOLOGY,6/28/06,5/24/06,5/23/09,AWARDED,NO,"[{u'bibcode': u'2008AGUSMSH41A..05C'}, {u'bibcode': u'2008JASTP..70..219R'}]"
4200159597,NNX06AC42G,GSFC,FUSE OBSERVATION OF HOT SUBDWARF B STARS,ELIZABETH GREEN,GEORGE SONNEBORN,UNIVERSITY OF ARIZONA,6/28/06,8/1/06,7/31/07,AWARDED,NO,[{u'bibcode': u'2009A&A...496..827O'}]
4200159595,NNX06AC43G S01,GSFC,SUPPLEMENTAL ADMINISTRATIVE CHANGE TO CORRECT P.I. NAME,JEFFREY KRUK,GEORGE SONNEBORN,JOHNS HOPKINS UNIVERSITY,6/28/06,7/1/06,6/30/07,AWARDED,NO,no hits,[{u'bibcode': u'2009A&A...496..827O'}]
4200158867,NNX06AC91H S01,SSC,S01 ADMINISTRATIVE CHANGE,GREGORY CARTER,KATIE WALLACE,UNIVERSITY OF SOUTHERN MISSISSIPPI,6/28/06,8/1/06,7/31/09,AWARDED,NO,no hits,[{u'bibcode': u'2009A&A...496..827O'}]
4200158867,NNX06AC91H S01,SSC,S01 ADMINISTRATIVE CHANGE,GREGORY CARTER,KATIE WALLACE,UNIVERSITY OF SOUTHERN MISSISSIPPI,6/28/06,8/1/06,7/31/09,AWARDED,NO,no hits,[{u'bibcode': u'2009A&A...496..827O'}]
4200162359,NNX06AC93G,GSFC,CORRECTIONS TO SCATTEROMETER WIND VECTORS: REMOVING AND CALIBRATING RAIN INDUCED ERRORS USING HIGH,DAVID WEISSMAN,SIRPA HAKKINEN,HOFSTRA UNIVERSITY,6/28/06,7/1/06,6/30/07,AWARDED,NO,no hits,[{u'bibcode': u'2009A&A...496..827O'}]
4200158924,NNX06AD26A,GSFC,THE RADIOMETRIC CALIBRATION OF CASSINI COMPOSITE INFRARED SPECTROMETER (CIRS) SPECTRA,RONALD CARLSON,MICHAEL FLASAR,CATHOLIC UNIVERSITY OF AMERICA,6/28/06,6/1/06,5/31/09,AWARDED,NO,no hits,[{u'bibcode': u'2009A&A...496..827O'}]
4200148024,NNX06AB41G,HQ,HEAVY ION ABSORPTION SIGNATURES NEAR THE INNER JOVIAN MOONS,CHRISTINA COHEN,CURT NIEBUR,CAL TECH,6/29/06,5/10/06,5/9/09,AWARDED,NO,[{u'bibcode': u'2009JGRA..114.1207S'}]
4200154407,NNX06AB43G,GSFC,A SYSTEMATIC SEARCH FOR TWO DISTINCT GAMMA-RAY BURST PULSE TYPES IN SWIFT BAT DATA,JON HAKKILA,F. RICK HARNDEN,COLLEGE OF CHARLESTON,6/29/06,5/10/06,5/9/07,AWARDED,NO,no hits,[{u'bibcode': u'2009JGRA..114.1207S'}]
4200156694,NNX06AB67G,HQ,EVAPORATIVE PROCESSES ON MARS: CONSTRAINTS FROM EXPERIMENTS AND MODELING,SCOTT MCLENNAN,MARILYN LINDSTROM,STATE UNIVERSITY OF NEW YORK AT STONY BROOK,6/29/06,5/10/06,5/9/07,AWARDED,NO,[{u'bibcode': u'2007GeCoA..71.2680T'}]
4200159019,NNX06AB96G,GSFC,RAPID FLARES FROM TEV BLAZARS,WEI CUI,STEVE SNOWDEN,PURDUE UNIVERSITY,6/29/06,6/1/06,5/31/07,AWARDED,NO,no hits,[{u'bibcode': u'2007GeCoA..71.2680T'}]
4200246024,NNX06AC32G S03,HQ,ADMINISTRATIVE - NO COST EXTENSION,LAWRENCE TOWNSEND,RAMONA KESSEL,UNIVERSITY OF TENNESSEE - KNOXVILLE,6/29/06,6/1/06,5/31/10,AWARDED,NO,no hits,[{u'bibcode': u'2007GeCoA..71.2680T'}]
4200161069,NNX06AC78G,GSFC,"PROPERTIES OF CONVECTIVE CLOUDS OVER THE EASTERN ATLANTIC, COMPARISON WITH THE EAST PACIFIC, AND HOW",JOSEPH EVERETTE,RICHARD LAWRENCE,HOWARD UNIVERSITY,6/29/06,7/1/06,6/30/09,AWARDED,NO,[{u'bibcode': u'2010JGRD..11518108J'}]
4200159239,NNX06AC26G,HQ,"TURBULENT HEATING OF THE CORONA, ORIGIN OF SOLAR WIND FLUCTUATIONS, AND BOUNDARY CONDITIONS IN THE",WILLIAM MATTHAEUS,MADHULIKA GUHATHAKURTA,UNIVERSITY OF DELAWARE,6/30/06,6/1/06,5/31/07,AWARDED,NO,no hits,[{u'bibcode': u'2010JGRD..11518108J'}]
4200158949,NNX06AC53G,GSFC,PROBING THE EVOLUTION OF ACTIVITY IN HERBIG AE STARS WITH FUSE,GERARD WILLIGER,GEORGE SONNEBORN,UNIVERSITY OF LOUISVILLE,6/30/06,6/6/06,6/5/07,AWARDED,NO,no hits,[{u'bibcode': u'2010JGRD..11518108J'}]
4200158950,NNX06AC54G,GSFC,GALAXIES AND QUASARS IN THE LARGEST STRUCTURES AT Z ~ 1,GERARD WILLIGER,SUSAN NEFF,UNIVERSITY OF LOUISVILLE,6/30/06,6/6/06,6/5/07,AWARDED,NO,no hits,[{u'bibcode': u'2010JGRD..11518108J'}]
4200160257,NNX06AC60G,GSFC,CLUSTER: ANALYSIS OF 3-DIMENSIONAL RECONNECTION,PATRICIA REIFF,MELVYN GOLDSTEIN,RICE UNIVERSITY,6/30/06,6/9/06,6/8/09,AWARDED,NO,no hits,[{u'bibcode': u'2010JGRD..11518108J'}]
4200160292,NNX06AC63G,HQ,INTERNATIONAL MODIS/AIRS PROCESSING PACKAGE (IMAPP) FOR EOS DIRECT DATA MAINTENANCE AND CONTINUATION,ALLEN HUANG,GARIK GUTMAN,UNIVERSITY OF WISCONSIN-MADISON,6/30/06,6/6/06,6/5/07,AWARDED,NO,no hits,[{u'bibcode': u'2010JGRD..11518108J'}]
4200155984,NNX06AD01A,GSFC,LEHIGH UNIVERSITY/MID-ATLANTIC PARTNERSHIP FOR NASA NANOMATERIALS,MARTIN HAMMER,DAN POWELL,LEHIGH UNIVERSITY,6/30/06,6/30/06,6/29/08,AWARDED,YES,no hits,[{u'bibcode': u'2010JGRD..11518108J'}]
4200156105,NNX06AB49A,GSFC,THE DEVELOPMENT AND DEPLOYMENT OF A CEOP SATELLITE DATA SERVER,LIPING DI,KEN MCDONALD,GEORGE MASON UNIVERSITY,7/2/06,5/8/06,5/7/08,AWARDED,NO,[{u'bibcode': u'2011CG.....37..435B'}]
4200159235,NNX06AC28G,HQ,DATA ANALYSIS AND MODELING STUDY OF SECULAR CHANGE IN THERMOSPHERIC DENSITY,RASHID AKMAEV,MADHULIKA GUHATHAKURTA,UNIVERSITY OF COLORADO,7/2/06,6/1/06,5/31/09,AWARDED,NO,no hits,[{u'bibcode': u'2011CG.....37..435B'}]
4200160249,NNX06AC66G,GSFC,DEVELOPING A LIDAR SIMULATION MODEL WITH THE GCE MODEL RESULTS AS INPUTS,ZHIEN WANG,TAO WEI-KUO,UNIVERSITY OF WYOMING,7/2/06,6/6/06,6/5/09,AWARDED,NO,no hits,[{u'bibcode': u'2011CG.....37..435B'}]
4200162285,NNX06AC97G,GSFC,HIGH-RESOLUTION DATA ASSIMILATION OF OCEAN VECTOR WINDS FOR TROPICAL CYCLONE PREDICTION USING,SHUYI CHEN,SIRPA HAKKINEN,UNIVERSITY OF MIAMI,7/2/06,7/1/06,6/30/08,AWARDED,NO,no hits,[{u'bibcode': u'2011CG.....37..435B'}]
4200159234,NNX06AC29G,HQ,STORM-TIME SUB-AURORAL ELECTRIC FIELDS: IONOSPHERIC AND MAGNETOSPHERIC CONTROL,PONTUS BRANDT,MADHULIKA GUHATHAKURTA,JOHNS HOPKINS UNIVERSITY,7/3/06,5/24/06,5/23/09,AWARDED,NO,"[{u'bibcode': u'2011JGRA..116.6220N'}, {u'bibcode': u'2011JGRA..116.0J20K'}, {u'bibcode': u'2010JGRA..115.0I12K'}, {u'bibcode': u'2010JGRA..115.0J03N'}]"
4200159327,NNX06AC11G,GSFC,"RADAR-BASED STUDIES OF CONVECTION, EASTERLY WAVES AND DEVELOPING TROPICAL STORMS IN NAMMA",ROBERT CIFELLI,RICHARD LAWRENCE,COLORADO STATE UNIVERSITY,7/5/06,6/1/06,5/31/09,AWARDED,NO,no hits,"[{u'bibcode': u'2011JGRA..116.6220N'}, {u'bibcode': u'2011JGRA..116.0J20K'}, {u'bibcode': u'2010JGRA..115.0I12K'}, {u'bibcode': u'2010JGRA..115.0J03N'}]"
4200159263,NNX06AC25G,HQ,PLASMA TRANSPORT FROM THE SOLAR WIND TO THE MAGNETOSPHERE,JOHN LYON,MADHULIKA GUHATHAKURTA,TRUSTEES OF DARTMOUTH COLLEGE,7/5/06,5/24/06,5/23/09,AWARDED,NO,no hits,"[{u'bibcode': u'2011JGRA..116.6220N'}, {u'bibcode': u'2011JGRA..116.0J20K'}, {u'bibcode': u'2010JGRA..115.0I12K'}, {u'bibcode': u'2010JGRA..115.0J03N'}]"
4200159771,NNX06AC35G,HQ,DYNAMICAL DATA-BASED MODELING OF THE MAGNETOSPHERIC MAGNETIC FIELD WITH ENHANCED SPATIAL RESOLUTION,MIKHAIL SITNOV,MADHULIKA GUHATHAKURTA,UNIVERSITY OF MARYLAND,7/5/06,5/25/06,5/24/09,AWARDED,NO,no hits,"[{u'bibcode': u'2011JGRA..116.6220N'}, {u'bibcode': u'2011JGRA..116.0J20K'}, {u'bibcode': u'2010JGRA..115.0I12K'}, {u'bibcode': u'2010JGRA..115.0J03N'}]"
4200161858,NNX06AC79G,GSFC,WATER VAPOR VALIDATION ACTIVITIES WITHIN THE NDSC USING A SCANNING RAMAN LIDAR,LARRY MILOSHEVICH,DAVID WHITEMAN,UCAR,7/5/06,6/1/06,5/31/08,AWARDED,NO,[{u'bibcode': u'2009JGRD..11411305M'}]
4200159715,NNX06AC98G,GSFC,RESURRECTING PHOSPHOTYROSINE-BINDING PROTEINS,DR. STEVEN BENNER,MICHAEL NEW,FOUNDATION FOR APPLIED MOLECULAR EVOLUTION,7/5/06,6/14/06,6/13/09,AWARDED,NO,no hits,[{u'bibcode': u'2009JGRD..11411305M'}]
4200158626,NNX06AB87G,HQ,"PLASMA SHEET ION PROPERTIES, SOURCES AND TRANSPORT FOR DIFFERENT SOLAR WIND, GEOMAGNETIC AND SOLAR",SIMON WING,MADHULIKA GUHATHAKURTA,JOHNS HOPKINS UNIVERSITY,7/6/06,9/1/06,8/31/09,AWARDED,NO,"[{u'bibcode': u'2010JGRA..11510233O'}, {u'bibcode': u'2010JGRA..115.4208L'}, {u'bibcode': u'2008JGRA..11310203F'}, {u'bibcode': u'2006GeoRL..3323106W'}]"
4200158714,NNX06AB90G,HQ,TERRESTRIAL PLANET EVOLUTION,VICKI HANSEN,STEVE SAUNDERS,UNIVERSITY OF MINNESOTA,7/6/06,7/15/06,7/14/09,AWARDED,NO,[{u'bibcode': u'2012Icar..217..451B'}]
4200158799,NNX06AB95G,HQ,UNDERSTANDING THE EVOLUTION AND IMPACTS OF STORM-ENHANCED ELECTRIC FIELDS IN THE MID-LATITUDE,RAYMOND GREENWALD,MADHULIKA GUHATHAKURTA,JOHNS HOPKINS UNIVERSITY,7/6/06,6/1/06,5/31/09,AWARDED,NO,[{u'bibcode': u'2006GeoRL..3318105G'}]
4200159803,NNX06AC40G,HQ,SUB-AURORAL POLARIZATION STREAMS EFFECTS ON THE IONOSPHERE AND THERMOSPHERE,ELSAYED TALAAT,MADHULIKA GUHATHAKURTA,JOHNS HOPKINS UNIVERSITY,7/6/06,5/25/06,5/24/09,AWARDED,NO,"[{u'bibcode': u'2012JASTP..77...46Z'}, {u'bibcode': u'2011JGRA..11612304C'}, {u'bibcode': u'2010GeoRL..37.4803T'}]"
4200159011,NNX06AC46G,HQ,CORNELL'S SPACECRAFT PLANETARY IMAGING FACILITY (SPIF),JOSEPH VEVERKA,STEPHEN SAUNDERS,CORNELL UNIVERSITY,7/10/06,6/22/06,6/21/11,AWARDED,NO,no hits,"[{u'bibcode': u'2012JASTP..77...46Z'}, {u'bibcode': u'2011JGRA..11612304C'}, {u'bibcode': u'2010GeoRL..37.4803T'}]"
4200158718,NNX06AB98G,HQ,PLANETARY RINGS; OBSERVATION AND INTERPRETATION,MARK SHOWALTER,STEVE SAUNDERS,SETI INSTITUTE,7/11/06,6/15/06,6/14/09,AWARDED,NO,[{u'bibcode': u'2007AAS...211.5608H'}]
4200159592,NNX06AC48G,GSFC,A TEST OF WIND DYNAMIC IN ACCRETING YOUNG STARS,ANDREA DUPREE,GEORGE SONNEBORN,HARVARD CFA - SAO,7/11/06,6/6/06,6/5/07,AWARDED,NO,no hits,[{u'bibcode': u'2007AAS...211.5608H'}]
4200159629,NNX06AC49G,GSFC,"DESIGN, FABRICATION AND CRYOGENIC TEMPERATURE TESTING OF LIGHT WEIGHT COMPOSITE MIRRORS",PETER CHEN,JOHN BRASUNAS,THE CATHOLIC UNIVERSITY OF AMERICA,7/11/06,6/1/06,2/28/07,AWARDED,NO,no hits,[{u'bibcode': u'2007AAS...211.5608H'}]
4200159066,NNX06AC50G,HQ,EXPLORING THE COLLISIONAL AND DYNAMICAL IMPLICATIONS OF CURRENT OUTER PLANET MIGRATION MODELS,DAVID O'BRIEN,STEVE SAUNDERS,PLANETARY SCIENCE INSTITUTE,7/11/06,6/28/06,6/27/09,AWARDED,NO,"[{u'bibcode': u'2010Icar..205..321B'}, {u'bibcode': u'2009Icar..200..503M'}, {u'bibcode': u'2008ssbn.book..293K'}]"
4200160108,NNX06AC62G,GSFC,USING ST5 MAGNETIC FIELD DATA IN STUDYING THE COUPLING OF EARTH MAGNETOSPHERE AND IONOSPHERE,TIAN-SEN HUANG,GUAN LE,PRAIRIE VIEW A&M RESEARCH FOUNDATION,7/11/06,6/6/06,6/5/07,AWARDED,NO,[{u'bibcode': u'2010JASTP..72..369H'}]
4200160187,NNX06AD13G,GSFC,LOW COST ADAPTIVE OPTICS FOR PLANETARY OBSERVATIONS AT THE MCMATH-PIERCE SOLAR TELESCOPE,ROSEMARY KILLEN,LINDLEY JOHNSON,UNIVERSITY OF MARYLAND,7/11/06,6/22/06,6/21/07,AWARDED,NO,no hits,[{u'bibcode': u'2010JASTP..72..369H'}]
4200164529,NNX06AD49G,GSFC,ANALYSIS OF PIONEER VENUS NIGHTSIDE IONOSPHERIC DATA,DR. ARTHUR AIKIN,JOSEPH GREBOWSKY,"THE CATHOLIC UNIVERSITY OF AMERICA, WASHINGTON DC",7/11/06,7/5/06,7/4/07,AWARDED,NO,no hits,[{u'bibcode': u'2010JASTP..72..369H'}]
4200159647,NNX06AC44G,GSFC,STORM-TIME IONOSPHERIC ELECTRIC FIELDS,BELA FEJER,MADHULIKA GUHATHAKURTA,UTAH STATE UNIVERSITY,7/12/06,6/28/06,6/27/09,AWARDED,NO,"[{u'bibcode': u'2011SSRv..158..145F'}, {u'bibcode': u'2008GeoRL..3520106F'}, {u'bibcode': u'2007AnGeo..25.2551J'}]"
4200159186,NNX06AC76G,GSFC,"ATMOSPHERIC MODELING, ASSIMILATION AND SOURCE-SINK ESTIMATION FOR THE CARBON CYCLE",DENIS O'BRIEN,STEVEN PAWSON,COLORADO STATE UNIVERSITY,7/12/06,6/23/06,6/22/11,AWARDED,NO,no hits,"[{u'bibcode': u'2011SSRv..158..145F'}, {u'bibcode': u'2008GeoRL..3520106F'}, {u'bibcode': u'2007AnGeo..25.2551J'}]"
4200156092,NNX06AD04G,GSFC,SIGE VOLTAGE REFERENCE FOR JWST,JOHN D. CRESSLER,SACHIDANANDA BABU,GEORGIA TECH RESEARCH CORPORATION,7/12/06,7/1/06,12/31/06,AWARDED,NO,no hits,"[{u'bibcode': u'2011SSRv..158..145F'}, {u'bibcode': u'2008GeoRL..3520106F'}, {u'bibcode': u'2007AnGeo..25.2551J'}]"
4200145373,NNX06AB50G,GSFC,PATHWAYS TO PREDICTABILITY ON SUB-SEASONAL TIME SCALES: ASSESSING THE ROLE OF TROPICAL FORCING AND,JIALIN LIN,SIEGFRIED SCHUBERT,UNIVERSITY OF COLORADO,7/13/06,5/1/06,4/30/11,AWARDED,NO,no hits,"[{u'bibcode': u'2011SSRv..158..145F'}, {u'bibcode': u'2008GeoRL..3520106F'}, {u'bibcode': u'2007AnGeo..25.2551J'}]"
4200157370,NNX06AB52G,GSFC,ASSUME THE RESPONSIBILITIES OF NASA GLOBAL PRECIPITATION MISSION GROUND VALIDATION SCIENCE MANAGER,WALTER PETERSEN,ARTHUR Y. HOU,UNIVERSITY OF ALABAMA-HUNTSVILLE,7/13/06,5/9/06,5/8/07,AWARDED,NO,no hits,"[{u'bibcode': u'2011SSRv..158..145F'}, {u'bibcode': u'2008GeoRL..3520106F'}, {u'bibcode': u'2007AnGeo..25.2551J'}]"
4200157775,NNX06AB68G,HQ,FOREST STRUCTURE AND BIODIVERSITY ON A STEEP GEOPHYSICAL GRADIENT,ROBERT LAWTON,WOODY TURNER,UNIVERSITY OF ALABAMA-HUNTSVILLE,7/13/06,5/31/06,5/30/09,AWARDED,NO,no hits,"[{u'bibcode': u'2011SSRv..158..145F'}, {u'bibcode': u'2008GeoRL..3520106F'}, {u'bibcode': u'2007AnGeo..25.2551J'}]"
4200153509,NNX06AB71G,GSFC,NUMERICAL MODELING OF EARLY AFTERGLOWS OF GRBS,ANDREI BELOBORODOV,FRANCIS MARSHALL,COLUMBIA UNIVERSITY,7/13/06,6/29/06,6/28/07,AWARDED,NO,no hits,"[{u'bibcode': u'2011SSRv..158..145F'}, {u'bibcode': u'2008GeoRL..3520106F'}, {u'bibcode': u'2007AnGeo..25.2551J'}]"
4200159062,NNX06AC12G,HQ,"RIDGES ON EUROPA: A VARIED HISTORY OF TENSILE, SHEAR, AND CONTRACTIONAL DEFORMATION",SIMON KATTENHORN,STEVE SAUNDERS,UNIVERSITY OF IDAHO,7/13/06,6/28/06,6/27/09,AWARDED,NO,"[{u'bibcode': u'2010JSG....32..855S'}, {u'bibcode': u'2008LPI....39.2036B'}]"
4200161971,NNX06AC96G,GSFC,POLAR MESOSPHERIC CLOUD MORPHOLOGY AND VARIABILITY FROM SBUV/2 INSTRUMENTS,MATTHEW DELAND,PHIL RICHARDS,"SCIENCE SYSTEMS AND APPLICATIONS, INC.",7/13/06,7/1/06,6/30/09,AWARDED,NO,[{u'bibcode': u'2009JASTP..71..365B'}]
4200156129,NNX06AD18G,GSFC,DYNAMICS OF THE OUTER PLANETS AND SATELLITES,WILLIAM WARD,CURT NIEBUR,SOUTHWEST RESEARCH INSTITUTE,7/13/06,6/22/06,6/21/09,AWARDED,NO,no hits,[{u'bibcode': u'2009JASTP..71..365B'}]
4200158717,NNX06AB92G,HQ,PLANETARY INTERIOR MODELING AND TECTONIC IMPLICATIONS,ROGER PHILLIPS,STEVE SAUNDERS,WASHINGTON UNIVERSITY,7/14/06,7/1/06,6/30/09,AWARDED,NO,no hits,[{u'bibcode': u'2009JASTP..71..365B'}]
4200164259,NNX06AD29G,GSFC,"DYNAMICS OF A YOUNG, O-RICH SUPERNOVA REMNANT IN THE SMALL MAGELLANIC CLOUD",TERRANCE GAETZ,GEORGE SONNEBORN,SMITHSONIAN INSTITUTION,7/14/06,7/1/06,6/30/07,AWARDED,NO,no hits,[{u'bibcode': u'2009JASTP..71..365B'}]
4200164272,NNX06AD37G,GSFC,WOLF-RAYET STARS IN ENVIRONMENTS OF DIFFERENT METALLICITY,JAMES HERALD,GEORGE SONNEBORN,JOHNS HOPKINS UNIVERSITY,7/14/06,7/1/06,6/30/07,AWARDED,NO,no hits,[{u'bibcode': u'2009JASTP..71..365B'}]
4200164872,NNX06AD58G,GSFC,VERIFYING SSS SEASONAL CYCLE AND MIXING IN NUMERICAL CLIMATE MODELS,WILLIAM LARGE,DAVID LEVINE,NATIONAL CENTER FOR ATMOSPHERIC RESEARCH,7/14/06,7/10/06,7/9/11,AWARDED,NO,no hits,[{u'bibcode': u'2009JASTP..71..365B'}]
4200159251,NNX06AC09G,GSFC,MICROPHYSICAL MEASUREMENTS USING THE DC-8 IN NAMMA-06 FIELD CAMPAIGN AND ANALYSIS OF DATA,PAUL LAWSON,RICHARD LAWRENCE,"SPEC, INC",7/17/06,6/1/06,5/31/09,AWARDED,NO,no hits,[{u'bibcode': u'2009JASTP..71..365B'}]
4200160134,NNX06AC56G,GSFC,MICROPHYSICAL MEASUREMENTS AND ANALYSIS IN SUPPORT OF NASA AFRICAN MONSOON MULTIDISCIPLINARY ACTIVIT,BILL DAWSON,RICHARD LAWRENCE,"DROPLET MEASUREMENT TECHNOLOGIES, INC",7/17/06,6/6/06,6/5/07,AWARDED,NO,no hits,[{u'bibcode': u'2009JASTP..71..365B'}]
4200157366,NNX06AC75G,GSFC,"ATMOSPHERIC MODELING, ASSIMILATION AND SOURCE-SINK ESTIMATION FOR THE CARBON CYCLE",SCOTT DENNING,STEVE PAWSON,COLORADO STATE UNIVERSITY,7/17/06,6/23/06,6/22/11,AWARDED,NO,"[{u'bibcode': u'2011GeoRL..38.9804P'}, {u'bibcode': u'2008ACP.....8.7239P'}, {u'bibcode': u'2008ACPD....812887C'}, {u'bibcode': u'2008ACPD....812197P'}]"
4200162290,NNX06AC95G,GSFC,CONSTRAINTS ON MODELING THE DYNAMIC TROPOSPHERE-STRATOSPHERE COUPLING,JUDITH PERLWITZ,HAL MARING,UNIVERSITY OF COLORADO,7/17/06,6/14/06,6/13/07,AWARDED,NO,no hits,"[{u'bibcode': u'2011GeoRL..38.9804P'}, {u'bibcode': u'2008ACP.....8.7239P'}, {u'bibcode': u'2008ACPD....812887C'}, {u'bibcode': u'2008ACPD....812197P'}]"
4200161534,NNX06AC82G,GSFC,INVESTIGATING PRECIPITATION PROCESSES ALONG THE ATLANTIC COAST OF SENEGAL,JOSE FUENTES,RICHARD LAWRENCE,UNIVERSITY OF VIRGINIA,7/18/06,7/1/06,6/30/09,AWARDED,NO,no hits,"[{u'bibcode': u'2011GeoRL..38.9804P'}, {u'bibcode': u'2008ACP.....8.7239P'}, {u'bibcode': u'2008ACPD....812887C'}, {u'bibcode': u'2008ACPD....812197P'}]"
4200153546,NNX06AB80G,GSFC,OPTICAL/IR FOLLOW UP OF SWIFT GAMMA-RAY BURSTS FROM SMARTS,CHARLES BAILYN,FRANCIS MARSHALL,YALE UNIVERSITY,7/19/06,7/11/06,7/10/07,AWARDED,NO,no hits,"[{u'bibcode': u'2011GeoRL..38.9804P'}, {u'bibcode': u'2008ACP.....8.7239P'}, {u'bibcode': u'2008ACPD....812887C'}, {u'bibcode': u'2008ACPD....812197P'}]"
